Url,page_blocked_reason
https://makanmenus.my/categories/buffet-dining/,meta_tag
https://makanmenus.my/categories/buffet-dining/alva-kl-menu/,meta_tag
https://makanmenus.my/categories/buffet-dining/alva-kl/,meta_tag
https://makanmenus.my/categories/buffet-dining/envi-skydining-menu/,meta_tag
https://makanmenus.my/categories/buffet-dining/envi-skydining/,meta_tag
https://makanmenus.my/categories/buffet-dining/the-tokyo-restaurant-menu/,meta_tag
https://makanmenus.my/categories/buffet-dining/the-tokyo-restaurant/,meta_tag
https://makanmenus.my/categories/coffee-bakeries/,meta_tag
https://makanmenus.my/categories/coffee-bakeries/coffee-bean-tea-leaf-menu/,meta_tag
https://makanmenus.my/categories/coffee-bakeries/coffee-bean-tea-leaf/,meta_tag
https://makanmenus.my/categories/coffee-bakeries/oriental-kopi-menu/,meta_tag
https://makanmenus.my/categories/coffee-bakeries/oriental-kopi/,meta_tag
https://makanmenus.my/categories/coffee-bakeries/starbucks-menu/,meta_tag
https://makanmenus.my/categories/coffee-bakeries/starbucks/,meta_tag
https://makanmenus.my/categories/coffee-bakeries/zus-coffee-menu/,meta_tag
https://makanmenus.my/categories/coffee-bakeries/zus-coffee/,meta_tag
https://makanmenus.my/categories/convenience-stores/,meta_tag
https://makanmenus.my/categories/convenience-stores/cu-mart-menu/,meta_tag
https://makanmenus.my/categories/convenience-stores/cu-mart/,meta_tag
https://makanmenus.my/categories/convenience-stores/familymart-menu/,meta_tag
https://makanmenus.my/categories/convenience-stores/familymart/,meta_tag
https://makanmenus.my/categories/fast-food/,meta_tag
https://makanmenus.my/categories/fast-food/4fingers-menu/,meta_tag
https://makanmenus.my/categories/fast-food/4fingers/,meta_tag
https://makanmenus.my/categories/fast-food/aw-menu/,meta_tag
https://makanmenus.my/categories/fast-food/aw/,meta_tag
https://makanmenus.my/categories/fast-food/burger-king-menu/,meta_tag
https://makanmenus.my/categories/fast-food/burger-king/,meta_tag
https://makanmenus.my/categories/fast-food/jollibee-menu/,meta_tag
https://makanmenus.my/categories/fast-food/jollibee/,meta_tag
https://makanmenus.my/categories/fast-food/kfc-menu/,meta_tag
https://makanmenus.my/categories/fast-food/kfc/,meta_tag
https://makanmenus.my/categories/fast-food/marrybrown-menu/,meta_tag
https://makanmenus.my/categories/fast-food/marrybrown/,meta_tag
https://makanmenus.my/categories/fast-food/mcdonalds-menu/,meta_tag
https://makanmenus.my/categories/fast-food/mcdonalds/,meta_tag
https://makanmenus.my/categories/fast-food/texas-chicken-menu/,meta_tag
https://makanmenus.my/categories/fast-food/texas-chicken/,meta_tag
https://makanmenus.my/categories/japanese-korean/,meta_tag
https://makanmenus.my/categories/japanese-korean/don-omakase-menu/,meta_tag
https://makanmenus.my/categories/japanese-korean/don-omakase/,meta_tag
https://makanmenus.my/categories/japanese-korean/empire-sushi-menu/,meta_tag
https://makanmenus.my/categories/japanese-korean/empire-sushi/,meta_tag
https://makanmenus.my/categories/japanese-korean/kingu-kongu-menu/,meta_tag
https://makanmenus.my/categories/japanese-korean/kingu-kongu/,meta_tag
https://makanmenus.my/categories/japanese-korean/mr-dakgalbi-menu/,meta_tag
https://makanmenus.my/categories/japanese-korean/mr-dakgalbi/,meta_tag
https://makanmenus.my/categories/japanese-korean/myeongdong-topokki-menu/,meta_tag
https://makanmenus.my/categories/japanese-korean/myeongdong-topokki/,meta_tag
https://makanmenus.my/categories/japanese-korean/oiso-menu/,meta_tag
https://makanmenus.my/categories/japanese-korean/oiso/,meta_tag
https://makanmenus.my/categories/japanese-korean/sopoong-menu/,meta_tag
https://makanmenus.my/categories/japanese-korean/sopoong/,meta_tag
https://makanmenus.my/categories/japanese-korean/sushi-king-menu/,meta_tag
https://makanmenus.my/categories/japanese-korean/sushi-king/,meta_tag
https://makanmenus.my/categories/japanese-korean/sushi-zanmai-menu/,meta_tag
https://makanmenus.my/categories/japanese-korean/sushi-zanmai/,meta_tag
https://makanmenus.my/categories/japanese-korean/yakiniku-kuro-menu/,meta_tag
https://makanmenus.my/categories/japanese-korean/yakiniku-kuro/,meta_tag
https://makanmenus.my/categories/local-asian/,meta_tag
https://makanmenus.my/categories/local-asian/damascus-bukit-bintang-menu/,meta_tag
https://makanmenus.my/categories/local-asian/damascus-bukit-bintang/,meta_tag
https://makanmenus.my/categories/local-asian/madam-kwans-menu/,meta_tag
https://makanmenus.my/categories/local-asian/madam-kwans/,meta_tag
https://makanmenus.my/categories/local-asian/oldtown-white-coffee-menu/,meta_tag
https://makanmenus.my/categories/local-asian/oldtown-white-coffee/,meta_tag
https://makanmenus.my/categories/local-asian/papparich-menu/,meta_tag
https://makanmenus.my/categories/local-asian/papparich/,meta_tag
https://makanmenus.my/categories/local-asian/secret-recipe-menu/,meta_tag
https://makanmenus.my/categories/local-asian/secret-recipe/,meta_tag
https://makanmenus.my/categories/local-asian/thong-bowl-menu/,meta_tag
https://makanmenus.my/categories/local-asian/thong-bowl/,meta_tag
https://makanmenus.my/categories/pizza-italian/,meta_tag
https://makanmenus.my/categories/pizza-italian/pizza-hut-menu/,meta_tag
https://makanmenus.my/categories/pizza-italian/pizza-hut/,meta_tag
https://makanmenus.my/categories/sandwiches-health/,meta_tag
https://makanmenus.my/categories/sandwiches-health/boost-juice-menu/,meta_tag
https://makanmenus.my/categories/sandwiches-health/boost-juice/,meta_tag
https://makanmenus.my/categories/sandwiches-health/kenny-rogers-roasters-menu/,meta_tag
https://makanmenus.my/categories/sandwiches-health/kenny-rogers-roasters/,meta_tag
https://makanmenus.my/categories/sandwiches-health/pop-meals-menu/,meta_tag
https://makanmenus.my/categories/sandwiches-health/pop-meals/,meta_tag
https://makanmenus.my/categories/sandwiches-health/salad-atelier-menu/,meta_tag
https://makanmenus.my/categories/sandwiches-health/salad-atelier/,meta_tag
https://makanmenus.my/categories/sandwiches-health/subway-menu/,meta_tag
https://makanmenus.my/categories/sandwiches-health/subway/,meta_tag
https://makanmenus.my/categories/specialty-burgers/,meta_tag
https://makanmenus.my/categories/specialty-burgers/nak-nak-menu/,meta_tag
https://makanmenus.my/categories/specialty-burgers/nak-nak/,meta_tag
https://makanmenus.my/categories/specialty-burgers/woodfire-menu/,meta_tag
https://makanmenus.my/categories/specialty-burgers/woodfire/,meta_tag
https://makanmenus.my/categories/teas-desserts/,meta_tag
https://makanmenus.my/categories/teas-desserts/ai-cha-menu/,meta_tag
https://makanmenus.my/categories/teas-desserts/ai-cha/,meta_tag
https://makanmenus.my/categories/teas-desserts/bingxue-menu/,meta_tag
https://makanmenus.my/categories/teas-desserts/bingxue/,meta_tag
https://makanmenus.my/categories/teas-desserts/chagee-menu/,meta_tag
https://makanmenus.my/categories/teas-desserts/chagee/,meta_tag
https://makanmenus.my/categories/teas-desserts/gong-cha-menu/,meta_tag
https://makanmenus.my/categories/teas-desserts/gong-cha/,meta_tag
https://makanmenus.my/categories/teas-desserts/llaollao-menu/,meta_tag
https://makanmenus.my/categories/teas-desserts/llaollao/,meta_tag
https://makanmenus.my/categories/teas-desserts/mixue-menu/,meta_tag
https://makanmenus.my/categories/teas-desserts/mixue/,meta_tag
https://makanmenus.my/categories/teas-desserts/suka-dessert-menu/,meta_tag
https://makanmenus.my/categories/teas-desserts/suka-dessert/,meta_tag
https://makanmenus.my/categories/teas-desserts/tealive-menu/,meta_tag
https://makanmenus.my/categories/teas-desserts/tealive/,meta_tag
https://makanmenus.my/categories/teas-desserts/we-drink-menu/,meta_tag
https://makanmenus.my/categories/teas-desserts/we-drink/,meta_tag
https://makanmenus.my/categories/western-grilled/,meta_tag
https://makanmenus.my/categories/western-grilled/nandos-menu/,meta_tag
https://makanmenus.my/categories/western-grilled/nandos/,meta_tag
https://makanmenus.my/search/?q=Coffee,robots_txt
https://makanmenus.my/search/?q=Fast+Food,robots_txt
https://makanmenus.my/search/?q=Halal,robots_txt
https://makanmenus.my/search/?q=KFC+Menu,robots_txt
