Url,title
https://makanmenus.my/blogs/best-buffets-under-rm100-kl/,Best All-You-Can-Eat Buffet Dining in KL Under RM100 | Makan Menus Guides 2026
https://makanmenus.my/blogs/cu-mart-vs-familymart-battle/,CU Mart vs FamilyMart: The Ultimate Food Battle | Makan Menus Guides 2026
https://makanmenus.my/blogs/halal-sushi-guide-malaysia/,The Ultimate Halal Sushi Guide: Sushi King vs Empire Sushi vs Nippon Sushi | Makan Menus Guides 2026
https://makanmenus.my/blogs/healthy-eating-kl-guide/,Healthy Eating in KL: La Juiceria vs Poké Ryba vs Subway | Makan Menus Guides 2026
https://makanmenus.my/blogs/malaysia-coffee-war-2026/,Malaysia’s Coffee War: ZUS Coffee vs Bask Bear vs Starbucks (2026 Comparison) | Makan Menus Guides 2026
https://makanmenus.my/blogs/mee-tarik-warisan-trend-kl/,Mee Tarik Mania: Why Chinese Muslim Hand-Pulled Noodles are Trending | Makan Menus Guides 2026
https://makanmenus.my/blogs/pavilion-bukit-jalil-food-guide/,Pavilion Bukit Jalil Foodie Guide: Top 10 Must-Try Restaurants | Makan Menus Guides 2026
https://makanmenus.my/blogs/top-10-halal-steaks-kl-2026/,Top 10 Halal Steaks in Kuala Lumpur (2026 Edition) | Makan Menus Guides 2026
https://makanmenus.my/buffet-dining/,Buffet & Fine Dining Menus with Prices Malaysia (2026 Edition) | Makan Menus
https://makanmenus.my/buffet-dining/alva-kl-menu/,Alva KL Menu with Prices Malaysia 2026 | Official Updated List | Makan Menus
https://makanmenus.my/buffet-dining/envi-skydining-menu/,Envi Skydining Menu with Prices Malaysia 2026 | Official Updated List | Makan Menus
https://makanmenus.my/buffet-dining/the-tokyo-restaurant-menu/,The Tokyo Restaurant Menu with Prices Malaysia 2026 | Official Updated List | Makan Menus
https://makanmenus.my/coffee-bakeries/,Coffee & Bakeries Menus with Prices Malaysia (2026 Edition) | Makan Menus
https://makanmenus.my/coffee-bakeries/coffee-bean-tea-leaf-menu/,Coffee Bean & Tea Leaf Menu with Prices Malaysia 2026 | Official Updated List | Makan Menus
https://makanmenus.my/coffee-bakeries/oriental-kopi-menu/,Oriental Kopi Menu with Prices Malaysia 2026 | Official Updated List | Makan Menus
https://makanmenus.my/coffee-bakeries/starbucks-menu/,Starbucks Menu with Prices Malaysia 2026 | Official Updated List | Makan Menus
https://makanmenus.my/coffee-bakeries/zus-coffee-menu/,ZUS Coffee Menu with Prices Malaysia 2026 | Official Updated List | Makan Menus
https://makanmenus.my/convenience-stores/,Convenience Stores Menus with Prices Malaysia (2026 Edition) | Makan Menus
https://makanmenus.my/convenience-stores/cu-mart-menu/,CU Mart Menu with Prices Malaysia 2026 | Official Updated List | Makan Menus
https://makanmenus.my/convenience-stores/familymart-menu/,FamilyMart Menu with Prices Malaysia 2026 | Official Updated List | Makan Menus
https://makanmenus.my/fast-food/,Fast Food & Burgers Menus with Prices Malaysia (2026 Edition) | Makan Menus
https://makanmenus.my/fast-food/4fingers-menu/,4Fingers Crispy Chicken Menu with Prices Malaysia 2026 | Official Updated List | Makan Menus
https://makanmenus.my/fast-food/aw-menu/,A&W Menu with Prices Malaysia 2026 | Official Updated List | Makan Menus
https://makanmenus.my/fast-food/burger-king-menu/,Burger King Menu with Prices Malaysia 2026 | Official Updated List | Makan Menus
https://makanmenus.my/fast-food/jollibee-menu/,Jollibee Menu with Prices Malaysia 2026 | Official Updated List | Makan Menus
https://makanmenus.my/fast-food/kfc-menu/,KFC Menu with Prices Malaysia 2026 | Official Updated List | Makan Menus
https://makanmenus.my/fast-food/marrybrown-menu/,Marrybrown Menu with Prices Malaysia 2026 | Official Updated List | Makan Menus
https://makanmenus.my/fast-food/mcdonalds-menu/,McDonald's Menu with Prices Malaysia 2026 | Official Updated List | Makan Menus
https://makanmenus.my/fast-food/texas-chicken-menu/,Texas Chicken Menu with Prices Malaysia 2026 | Official Updated List | Makan Menus
https://makanmenus.my/japanese-korean/,Japanese & Korean Menus with Prices Malaysia (2026 Edition) | Makan Menus
https://makanmenus.my/japanese-korean/don-omakase-menu/,Don Omakase Menu with Prices Malaysia 2026 | Official Updated List | Makan Menus
https://makanmenus.my/japanese-korean/empire-sushi-menu/,Empire Sushi Menu with Prices Malaysia 2026 | Official Updated List | Makan Menus
https://makanmenus.my/japanese-korean/kingu-kongu-menu/,Kingu Kongu Menu with Prices Malaysia 2026 | Official Updated List | Makan Menus
https://makanmenus.my/japanese-korean/mr-dakgalbi-menu/,Mr. Dakgalbi Menu with Prices Malaysia 2026 | Official Updated List | Makan Menus
https://makanmenus.my/japanese-korean/myeongdong-topokki-menu/,MyeongDong Topokki Menu with Prices Malaysia 2026 | Official Updated List | Makan Menus
https://makanmenus.my/japanese-korean/oiso-menu/,Oiso Menu with Prices Malaysia 2026 | Official Updated List | Makan Menus
https://makanmenus.my/japanese-korean/sopoong-menu/,Sopoong Menu with Prices Malaysia 2026 | Official Updated List | Makan Menus
https://makanmenus.my/japanese-korean/sushi-king-menu/,Sushi King Menu with Prices Malaysia 2026 | Official Updated List | Makan Menus
https://makanmenus.my/japanese-korean/sushi-zanmai-menu/,Sushi Zanmai Menu with Prices Malaysia 2026 | Official Updated List | Makan Menus
https://makanmenus.my/japanese-korean/yakiniku-kuro-menu/,Yakiniku Kuro Menu with Prices Malaysia 2026 | Official Updated List | Makan Menus
https://makanmenus.my/local-asian/,Local & Asian Menus with Prices Malaysia (2026 Edition) | Makan Menus
https://makanmenus.my/local-asian/damascus-bukit-bintang-menu/,Damascus Bukit Bintang Menu with Prices Malaysia 2026 | Official Updated List | Makan Menus
https://makanmenus.my/local-asian/madam-kwans-menu/,Madam Kwan's Menu with Prices Malaysia 2026 | Official Updated List | Makan Menus
https://makanmenus.my/local-asian/oldtown-white-coffee-menu/,OldTown White Coffee Menu with Prices Malaysia 2026 | Official Updated List | Makan Menus
https://makanmenus.my/local-asian/papparich-menu/,PappaRich Menu with Prices Malaysia 2026 | Official Updated List | Makan Menus
https://makanmenus.my/local-asian/secret-recipe-menu/,Secret Recipe Menu with Prices Malaysia 2026 | Official Updated List | Makan Menus
https://makanmenus.my/local-asian/thong-bowl-menu/,Thong Bowl Menu with Prices Malaysia 2026 | Official Updated List | Makan Menus
https://makanmenus.my/pizza-italian/,Pizza & Italian Menus with Prices Malaysia (2026 Edition) | Makan Menus
https://makanmenus.my/pizza-italian/pizza-hut-menu/,Pizza Hut Menu with Prices Malaysia 2026 | Official Updated List | Makan Menus
https://makanmenus.my/sandwiches-health/,Sandwiches & Health Menus with Prices Malaysia (2026 Edition) | Makan Menus
https://makanmenus.my/sandwiches-health/boost-juice-menu/,Boost Juice Bars Menu with Prices Malaysia 2026 | Official Updated List | Makan Menus
https://makanmenus.my/sandwiches-health/kenny-rogers-roasters-menu/,Kenny Rogers Roasters Menu with Prices Malaysia 2026 | Official Updated List | Makan Menus
https://makanmenus.my/sandwiches-health/pop-meals-menu/,Pop Meals Menu with Prices Malaysia 2026 | Official Updated List | Makan Menus
https://makanmenus.my/sandwiches-health/salad-atelier-menu/,Salad Atelier Menu with Prices Malaysia 2026 | Official Updated List | Makan Menus
https://makanmenus.my/sandwiches-health/subway-menu/,Subway Menu with Prices Malaysia 2026 | Official Updated List | Makan Menus
https://makanmenus.my/specialty-burgers/,Specialty Burgers Menus with Prices Malaysia (2026 Edition) | Makan Menus
https://makanmenus.my/specialty-burgers/nak-nak-menu/,Nak Nak Menu with Prices Malaysia 2026 | Official Updated List | Makan Menus
https://makanmenus.my/specialty-burgers/woodfire-menu/,Woodfire Menu with Prices Malaysia 2026 | Official Updated List | Makan Menus
https://makanmenus.my/teas-desserts/,Teas & Desserts Menus with Prices Malaysia (2026 Edition) | Makan Menus
https://makanmenus.my/teas-desserts/ai-cha-menu/,Ai-Cha Menu with Prices Malaysia 2026 | Official Updated List | Makan Menus
https://makanmenus.my/teas-desserts/bingxue-menu/,Bingxue Menu with Prices Malaysia 2026 | Official Updated List | Makan Menus
https://makanmenus.my/teas-desserts/chagee-menu/,Chagee Menu with Prices Malaysia 2026 | Official Updated List | Makan Menus
https://makanmenus.my/teas-desserts/gong-cha-menu/,Gong Cha Menu with Prices Malaysia 2026 | Official Updated List | Makan Menus
https://makanmenus.my/teas-desserts/llaollao-menu/,llaollao Menu with Prices Malaysia 2026 | Official Updated List | Makan Menus
https://makanmenus.my/teas-desserts/mixue-menu/,Mixue Menu with Prices Malaysia 2026 | Official Updated List | Makan Menus
https://makanmenus.my/teas-desserts/suka-dessert-menu/,Suka Dessert Menu with Prices Malaysia 2026 | Official Updated List | Makan Menus
https://makanmenus.my/teas-desserts/tealive-menu/,Tealive Menu with Prices Malaysia 2026 | Official Updated List | Makan Menus
https://makanmenus.my/teas-desserts/we-drink-menu/,We Drink Menu with Prices Malaysia 2026 | Official Updated List | Makan Menus
https://makanmenus.my/western-grilled/,Western & Grilled Menus with Prices Malaysia (2026 Edition) | Makan Menus
https://makanmenus.my/western-grilled/nandos-menu/,Nando's Menu with Prices Malaysia 2026 | Official Updated List | Makan Menus
